{
    "near_field": {
        "avg_setup_time": 77.3119999999908,
        "avg_setup_simulation": 63.52100000000306,
        "avg_extract_time": 8.593999999997322,
        "avg_run_write_input_file": 10.333666666667947,
        "avg_run_isolve_execution": 0.5786666666632906,
        "avg_run_wait_for_results": 5.04700000025332,
        "avg_run_reload_project": 7.32799999974668,
        "avg_run_simulation_total": 11.041666666671517,
        "avg_extract_input_power": 0.7810000000026776,
        "avg_extract_sar_statistics": 0.25,
        "avg_extract_point_sensor_data": 0.47699999999895226
    },
    "far_field": {
        "avg_setup_simulation": 19.57799999974668,
        "avg_setup_time": 31.140999998897314,
        "avg_extract_input_power": 0.01066666655242443,
        "avg_extract_sar_statistics": 7.322666666780909,
        "avg_extract_point_sensor_data": 0.46333333291113377,
        "avg_extract_time": 24.21900000050664,
        "avg_run_write_input_file": 4.707000000402331,
        "avg_run_simulation_total": 58.32333333293597,
        "avg_run_isolve_execution": 40.786333334321775,
        "avg_run_wait_for_results": 5.046999999632438,
        "avg_run_reload_project": 7.755000000198682
    }
}