{
    "near_field": {
        "avg_setup_time": 35.04700000000594,
        "avg_setup_simulation": 26.5,
        "avg_extract_time": 28.25,
        "avg_run_write_input_file": 8.702999999994063,
        "avg_run_isolve_execution": 19.73399999999674,
        "avg_run_wait_for_results": 5.062000000005355,
        "avg_run_reload_project": 10.719000000011874,
        "avg_run_simulation_total": 31.202999999994063,
        "avg_extract_input_power": 2.202999999994063,
        "avg_extract_sar_statistics": 8.828000000008615,
        "avg_extract_point_sensor_data": 0.7189999999973224
    },
    "far_field": {
        "avg_setup_simulation": 35.67950000008568,
        "avg_setup_time": 41.859000001102686,
        "avg_extract_input_power": 0.010000000397364298,
        "avg_extract_sar_statistics": 17.14566666694979,
        "avg_extract_point_sensor_data": 0.7346666660159826,
        "avg_extract_time": 39.125,
        "avg_run_write_input_file": 6.254249999765307,
        "avg_run_simulation_total": 51.59933333347241,
        "avg_run_isolve_execution": 29.520999999716878,
        "avg_run_wait_for_results": 5.052000000452002,
        "avg_run_reload_project": 11.260666666552424,
        "avg_extract_results_total": 33.92733333259821
    }
}
