{
    "near_field": {
        "avg_setup_time": 34.89100000075996,
        "avg_setup_simulation": 26.54700000025332,
        "avg_extract_time": 8.32799999974668,
        "avg_run_write_input_file": 2.8546666658173003,
        "avg_run_isolve_execution": 9.75,
        "avg_run_wait_for_results": 5.04700000025332,
        "avg_run_reload_project": 7.32799999974668,
        "avg_run_simulation_total": 1.382999999448657,
        "avg_extract_input_power": 0.4919999996200204,
        "avg_extract_sar_statistics": 0.07799999974668026,
        "avg_extract_point_sensor_data": 0.14800000004470348
    },
    "far_field": {
        "avg_setup_simulation": 19.57799999974668,
        "avg_setup_time": 31.140999998897314,
        "avg_extract_input_power": 0.01066666655242443,
        "avg_extract_sar_statistics": 7.322666666780909,
        "avg_extract_point_sensor_data": 0.46333333291113377,
        "avg_extract_time": 24.21900000050664,
        "avg_run_write_input_file": 4.707000000402331,
        "avg_run_simulation_total": 58.32333333293597,
        "avg_run_isolve_execution": 40.786333334321775,
        "avg_run_wait_for_results": 5.046999999632438,
        "avg_run_reload_project": 7.755000000198682
    }
}
