{
    "near_field": {
        "phase_weights": {
            "setup": 0.6476925278767726,
            "run": 0.0,
            "extract": 0.35230747212322744
        },
        "subtask_estimates": {
            "setup_simulation": 35.96900000004098,
            "run_write_input_file": 13.437999999849126,
            "run_isolve_execution": 13.234999999869615,
            "run_wait_for_results": 5.047000000020489,
            "run_reload_project": 9.922000000020489,
            "run_simulation_total": 41.656999999890104,
            "extract_input_power": 0.9690000000409782,
            "extract_sar_statistics": 2.327999999979511
        },
        "avg_setup_time": 18.75,
        "avg_setup_simulation": 18.735000000335276,
        "avg_extract_time": 33.125,
        "avg_run_write_input_file": 14.437999999849126,
        "avg_run_isolve_execution": 588.4840000001714,
        "avg_run_wait_for_results": 5.015999999828637,
        "avg_run_reload_project": 10.016000000061467,
        "avg_run_simulation_total": 617.9539999999106,
        "avg_extract_input_power": 0.9850000001024455,
        "avg_extract_sar_statistics": 6.936999999918044
    },
    "far_field": {
        "phase_weights": {
            "setup": 1.0
        },
        "subtask_estimates": {
            "setup_simulation": 24.638000000000375,
            "run_write_input_file": 3.89850000000024,
            "run_isolve_execution": 0.17199999999866122,
            "run_simulation_total": 8.57049999999981,
            "run_wait_for_results": 5.039000000047963,
            "run_reload_project": 13.710999999952037,
            "extract_input_power": 0.08973333329583208,
            "extract_sar_statistics": 4.38540000001279
        },
        "avg_setup_time": 33.34399999957532,
        "avg_setup_simulation": 28.453000000678003,
        "avg_extract_time": 38.688000000081956,
        "avg_run_write_input_file": 5.531000000424683,
        "avg_run_isolve_execution": 79.06649999989895,
        "avg_run_wait_for_results": 5.019250000070315,
        "avg_run_reload_project": 11.746499999950174,
        "avg_run_simulation_total": 0.015999999828636646,
        "avg_extract_input_power": 0.0,
        "avg_extract_sar_statistics": 15.42200000025332,
        "avg_extract_point_sensor_data": 0.8119999999180436
    }
}