{
    "near_field": {
        "phase_weights": {
            "setup": 0.3,
            "run": 0.6,
            "extract": 0.1
        },
        "subtask_estimates": {
            "setup_simulation": 31.530999999959022,
            "run_write_input_file": 17.1875,
            "run_isolve_execution": 16.413999999989755,
            "run_wait_for_results": 5.007500000065193,
            "run_reload_project": 9.984500000020489,
            "run_simulation_total": 48.63299999991432,
            "extract_input_power": 0.5,
            "extract_sar_statistics": 4.0
        }
    },
    "far_field": {
        "phase_weights": {
            "setup": 1.0,
            "run": 0.0
        },
        "subtask_estimates": {
            "setup_simulation": 28.570499999972526,
            "run_write_input_file": 18.804499999969266,
            "run_isolve_execution": 0.008000000030733645,
            "run_wait_for_results": 5.039000000047963,
            "run_reload_project": 13.710999999952037,
            "run_simulation_total": 96.79699999996228,
            "extract_input_power": 0.08973333329583208,
            "extract_sar_statistics": 4.38540000001279
        }
    }
}