{
    "near_field": {
        "avg_setup_time": 35.04700000000594,
        "avg_setup_simulation": 26.5,
        "avg_extract_time": 28.25,
        "avg_run_write_input_file": 8.702999999994063,
        "avg_run_isolve_execution": 19.73399999999674,
        "avg_run_wait_for_results": 5.062000000005355,
        "avg_run_reload_project": 10.719000000011874,
        "avg_run_simulation_total": 31.202999999994063,
        "avg_extract_input_power": 2.202999999994063,
        "avg_extract_sar_statistics": 8.828000000008615,
        "avg_extract_point_sensor_data": 0.7189999999973224
    },
    "far_field": {
        "avg_setup_simulation": 16.38159999999625,
        "avg_setup_time": 23.156999999991967,
        "avg_extract_input_power": 0.011749999997846317,
        "avg_extract_sar_statistics": 0.4217499999977008,
        "avg_extract_point_sensor_data": 0.16775000000052387,
        "avg_extract_time": 8.0,
        "avg_run_write_input_file": 5.0876000000018395,
        "avg_run_simulation_total": 9.547000000000116,
        "avg_run_isolve_execution": 4.359400000001187,
        "avg_run_wait_for_results": 5.046999999632438,
        "avg_run_reload_project": 7.755000000198682
    }
}
