{
    "near_field": {
        "avg_setup_time": 158.76500000001397,
        "avg_setup_simulation": 105.50266666666721,
        "avg_extract_time": 15.405999999959022,
        "avg_run_write_input_file": 21.25800000000163,
        "avg_run_isolve_execution": 6.648499999981141,
        "avg_run_wait_for_results": 5.00800000000072,
        "avg_run_reload_project": 9.99200000000019,
        "avg_run_simulation_total": 28.0,
        "avg_extract_input_power": 1.4060000000172295,
        "avg_extract_sar_statistics": 0.5470000000204891,
        "avg_extract_point_sensor_data": 0.06300000002374873
    },
    "far_field": {
        "avg_setup_simulation": 77.79129411764563,
        "avg_setup_time": 1143.3589999999967,
        "avg_extract_input_power": 0.015666666667433066,
        "avg_extract_sar_statistics": 0.189999999999903,
        "avg_extract_point_sensor_data": 0.5780833333337796,
        "avg_extract_time": 46.84399999999732
    }
}
