{
    "near_field": {
        "avg_setup_time": 54.421999999991385,
        "avg_setup_simulation": 38.5394999999844,
        "avg_extract_time": 17.07799999997951,
        "avg_run_write_input_file": 8.687000000005355,
        "avg_run_isolve_execution": 12.76600000000326,
        "avg_run_wait_for_results": 5.062000000005355,
        "avg_run_reload_project": 10.719000000011874,
        "avg_run_simulation_total": 21.546999999991385,
        "avg_extract_input_power": 3.2190000000118744,
        "avg_extract_sar_statistics": 0.25,
        "avg_extract_point_sensor_data": 0.9070000000065193,
        "avg_setup_load_phantom": 8.312000000005355,
        "avg_setup_configure_scene": 1.1559999999881256,
        "avg_setup_materials": 5.0314999999973224,
        "avg_setup_solver": 0.34350000000267755,
        "avg_setup_voxelize": 23.477000000013504,
        "avg_setup_save_project": 14.89000000001397,
        "avg_run_time": 21.719000000011874,
        "avg_extract_power_balance": 0.01600000000325963,
        "avg_extract_results_total": 5.125
    },
    "far_field": {
        "avg_setup_simulation": 35.67950000008568,
        "avg_setup_time": 41.859000001102686,
        "avg_extract_input_power": 0.010000000397364298,
        "avg_extract_sar_statistics": 17.14566666694979,
        "avg_extract_point_sensor_data": 0.7346666660159826,
        "avg_extract_time": 39.125,
        "avg_run_write_input_file": 6.254249999765307,
        "avg_run_simulation_total": 51.59933333347241,
        "avg_run_isolve_execution": 29.520999999716878,
        "avg_run_wait_for_results": 5.052000000452002,
        "avg_run_reload_project": 11.260666666552424,
        "avg_extract_results_total": 33.92733333259821
    }
}