{
    "near_field": {
        "phase_weights": {
            "setup": 0.3,
            "run": 0.6,
            "extract": 0.1
        },
        "subtask_estimates": {
            "setup_simulation": 31.530999999959022,
            "run_write_input_file": 17.1875,
            "run_isolve_execution": 16.413999999989755,
            "run_wait_for_results": 5.007500000065193,
            "run_reload_project": 9.984500000020489,
            "run_simulation_total": 48.63299999991432,
            "extract_input_power": 0.5,
            "extract_sar_statistics": 4.0
        }
    },
    "far_field": {
        "phase_weights": {
            "setup": 0.6622898883651295,
            "run": 0.0,
            "extract": 0.33771011163487047
        },
        "subtask_estimates": {
            "setup_simulation": 28.78546666667486,
            "run_write_input_file": 29.350866666669027,
            "run_isolve_execution": 28.383400000010926,
            "run_wait_for_results": 5.043799999977152,
            "run_reload_project": 15.765533333349351,
            "run_simulation_total": 78.56546666668729,
            "extract_input_power": 0.08973333329583208,
            "extract_sar_statistics": 4.38540000001279
        }
    }
}