{
    "near_field": {
        "avg_setup_time": 135.18799999915063,
        "avg_setup_simulation": 140.53613157888972,
        "avg_extract_time": 33.125,
        "avg_run_write_input_file": 8.312000000849366,
        "avg_run_isolve_execution": 588.4840000001714,
        "avg_run_wait_for_results": 5.015999999828637,
        "avg_run_reload_project": 10.016000000061467,
        "avg_run_simulation_total": 15.876236842160946,
        "avg_extract_input_power": 0.9850000001024455,
        "avg_extract_sar_statistics": 6.936999999918044
    },
    "far_field": {
        "avg_setup_simulation": 77.79129411764563,
        "avg_setup_time": 1143.3589999999967,
        "avg_extract_input_power": 0.015666666667433066,
        "avg_extract_sar_statistics": 0.189999999999903,
        "avg_extract_point_sensor_data": 0.5780833333337796,
        "avg_extract_time": 46.84399999999732
    }
}
