{
    "near_field": {
        "avg_setup_time": 53.32799999999406,
        "avg_setup_simulation": 26.687000000005355,
        "avg_extract_time": 15.405999999959022,
        "avg_run_write_input_file": 21.25800000000163,
        "avg_run_isolve_execution": 6.648499999981141,
        "avg_run_wait_for_results": 5.00800000000072,
        "avg_run_reload_project": 9.99200000000019,
        "avg_run_simulation_total": 28.0,
        "avg_extract_input_power": 1.4060000000172295,
        "avg_extract_sar_statistics": 0.5470000000204891,
        "avg_extract_point_sensor_data": 0.06300000002374873
    },
    "far_field": {
        "avg_setup_simulation": 42.40600000001723,
        "avg_setup_time": 52.875,
        "avg_extract_input_power": 0.125,
        "avg_extract_sar_statistics": 11.547000000020489,
        "avg_extract_point_sensor_data": 0.1720000000204891,
        "avg_extract_time": 35.14100000000326,
        "avg_run_write_input_file": 12.14000000001397,
        "avg_run_simulation_total": 139.625,
        "avg_run_isolve_execution": 10.953000000037719
    }
}
